TITLE,COMPANY,EXPERIENCE,LOCATION,LINK
Nodejs Developer,Delphic India,1-6 Yrs,"Chennai, Hyderabad, Bengaluru, Pune, Kolkata, Mumbai, New Delhi",https://www.naukri.com/job-listings-nodejs-developer-delphic-india-kolkata-mumbai-new-delhi-hyderabad-pune-chennai-bengaluru-1-to-6-years-221123502013
NodeJs Developer,Blockchain Solutions Network,2-7 Yrs,"Chennai, Hyderabad, Bengaluru, Pune, Kolkata, Mumbai, New Delhi",https://www.naukri.com/job-listings-nodejs-developer-blockchain-solutions-network-kolkata-mumbai-new-delhi-hyderabad-pune-chennai-bengaluru-2-to-7-years-090323502570
NodeJS Developer,Technoadviser Technologies,2-5 Yrs,Hyderabad,https://www.naukri.com/job-listings-nodejs-developer-technoadviser-technologies-pvt-ltd-hyderabad-2-to-5-years-290526503907
NodeJS Developer,Synechron,5-10 Yrs,"Chennai, Bengaluru",https://www.naukri.com/job-listings-nodejs-developer-synechron-technologies-pvt-ltd-chennai-bengaluru-5-to-10-years-080526927222
NodeJS Developer,Liftoff,2-6 Yrs,Bengaluru,https://www.naukri.com/job-listings-nodejs-developer-liftoff-llc-bengaluru-2-to-6-years-200126506173
NodeJS Developer,Capgemini,5-10 Yrs,Bengaluru,https://www.naukri.com/job-listings-nodejs-developer-capgemini-technology-services-india-limited-bengaluru-5-to-10-years-180526916132
Node.js Backend Engineer,Octobit8,3-8 Yrs,Bengaluru,https://www.naukri.com/job-listings-150526502815
Nodejs Developer,Diverse Lynx,2-6 Yrs,Hyderabad,https://www.naukri.com/job-listings-nodejs-developer-diverse-lynx-hyderabad-2-to-6-years-120825500231
NodeJs Developer,Diverse Lynx,3-5 Yrs,Bengaluru,https://www.naukri.com/job-listings-nodejs-developer-diverse-lynx-bengaluru-3-to-5-years-120625503005
NodeJS Developer,Rapsys Tech Solutions,4-9 Yrs,Bengaluru,https://www.naukri.com/job-listings-nodejs-developer-rapsys-tech-solutions-pvt-ltd-bengaluru-4-to-9-years-290126510524
NodeJS Developer,Rapsys Tech Solutions,5-8 Yrs,Bengaluru,https://www.naukri.com/job-listings-nodejs-developer-rapsys-tech-solutions-pvt-ltd-bengaluru-5-to-8-years-290126510523
Nodejs Developer,Nityo Infotech,5-10 Yrs,Hyderabad,https://www.naukri.com/job-listings-nodejs-developer-nityo-infotech-hyderabad-5-to-10-years-110925503161
Nodejs Compiler Developer,IBM,2-6 Yrs,Bengaluru,https://www.naukri.com/job-listings-nodejs-compiler-developer-ibm-india-pvt-limited-bengaluru-2-to-6-years-280526922436
NodeJs Developer,Diverse Lynx,3-5 Yrs,Bengaluru,https://www.naukri.com/job-listings-nodejs-developer-diverse-lynx-bengaluru-3-to-5-years-300725504165
Node Js Developer,Cloudxtreme,6-10 Yrs,"Chennai, Hyderabad, Bengaluru",https://www.naukri.com/job-listings-node-js-developer-cloudxtreme-hyderabad-chennai-bengaluru-6-to-10-years-040626029153
Node Js Developer,Tekskills india,7-12 Yrs,Hyderabad,https://www.naukri.com/job-listings-node-js-developer-tekskills-hyderabad-7-to-12-years-290526921992
Node Js Developer,Tekskills india,7-12 Yrs,Bengaluru,https://www.naukri.com/job-listings-node-js-developer-tekskills-bengaluru-7-to-12-years-290526921991
NodeJS Developer,Diverse Lynx,6-11 Yrs,Bengaluru,https://www.naukri.com/job-listings-nodejs-developer-diverse-lynx-bengaluru-6-to-11-years-170525500629
